PassengerId,Survived,Pclass,Name,Sex,Age,SibSp,Parch,Ticket,Fare,Cabin,Embarked
1,0,1,Olivia Jones,female,72,3,2,Ticket1,19.21,B84,C
2,1,1,Emily Martinez,female,71,5,2,Ticket2,95.64,D3,S
3,0,1,Olivia Brown,female,77,4,5,Ticket3,190.61,B48,C
4,0,3,Olivia Smith,female,67,0,4,Ticket4,132.97,D43,C
5,0,3,Olivia Smith,female,49,0,0,Ticket5,90.45,C76,S
6,0,3,Sophia Rodriguez,male,34,5,2,Ticket6,71.43,C49,S
7,1,3,John Johnson,female,6,1,2,Ticket7,24.93,C78,Q
8,1,2,James Jones,male,71,4,4,Ticket8,16.0,D98,Q
9,1,3,Michael Williams,female,20,1,2,Ticket9,97.99,E77,Q
10,1,2,James Miller,female,23,1,5,Ticket10,43.78,D57,Q
11,0,1,Alexander Smith,male,1,1,3,Ticket11,33.76,E9,S
12,0,2,Emma Brown,male,72,5,0,Ticket12,74.46,A81,C
13,0,1,John Jones,female,14,3,5,Ticket13,136.19,E42,Q
14,1,3,Emily Martinez,male,10,4,3,Ticket14,15.09,D45,C
15,0,3,James Miller,male,7,3,5,Ticket15,135.38,E49,C
16,0,3,John Davis,male,77,3,1,Ticket16,172.07,B37,C
17,0,1,William Williams,male,15,0,1,Ticket17,69.56,A98,C
18,0,2,James Brown,male,53,2,0,Ticket18,68.35,B38,C
19,1,1,Jane Miller,male,72,1,1,Ticket19,59.38,B73,Q
20,0,3,John Rodriguez,female,16,2,3,Ticket20,187.28,B60,S
21,1,1,Alexander Garcia,female,9,2,3,Ticket21,25.61,A7,S
22,0,3,William Smith,female,26,4,3,Ticket22,157.37,D7,S
23,1,1,William Williams,female,29,3,3,Ticket23,159.3,A17,C
24,1,1,Olivia Brown,male,54,5,5,Ticket24,136.58,C88,S
25,0,3,Emma Brown,female,40,2,4,Ticket25,109.92,C84,C
26,1,3,Olivia Jones,female,65,0,2,Ticket26,73.22,A53,C
27,1,1,John Davis,male,80,5,0,Ticket27,38.43,C95,C
28,0,1,Michael Brown,male,3,0,1,Ticket28,77.0,E11,C
29,1,3,Alexander Johnson,female,75,3,2,Ticket29,84.73,D43,C
30,0,1,Michael Rodriguez,male,55,0,5,Ticket30,141.15,D84,S
31,1,3,Michael Miller,female,18,3,2,Ticket31,194.28,B98,Q
32,1,2,Olivia Johnson,male,74,0,1,Ticket32,59.59,A73,S
33,1,3,John Jones,male,4,1,1,Ticket33,24.2,C54,Q
34,1,1,Olivia Miller,male,79,0,5,Ticket34,11.16,D65,Q
35,0,3,Sophia Garcia,female,21,1,3,Ticket35,125.94,B30,S
36,1,2,Olivia Brown,male,78,4,1,Ticket36,190.18,D84,S
37,0,2,Michael Brown,male,59,1,2,Ticket37,92.13,A64,S
38,1,1,Sophia Brown,female,12,1,2,Ticket38,186.05,D40,S
39,1,3,Jane Williams,male,55,5,2,Ticket39,45.96,A26,Q
40,0,3,Michael Martinez,male,70,3,3,Ticket40,70.39,E23,C
41,0,2,James Jones,female,50,5,5,Ticket41,136.97,D67,Q
42,1,1,Emma Rodriguez,male,3,5,1,Ticket42,151.1,C32,Q
43,1,3,James Rodriguez,male,69,0,3,Ticket43,31.84,B10,S
44,1,3,Emily Johnson,female,57,2,3,Ticket44,108.85,E9,Q
45,1,2,William Brown,male,31,1,1,Ticket45,104.19,A95,C
46,0,1,James Johnson,male,40,5,2,Ticket46,186.66,E31,Q
47,0,2,Jane Williams,female,31,5,1,Ticket47,188.09,A96,Q
48,0,3,John Brown,female,1,3,1,Ticket48,127.6,B6,S
49,1,1,Emma Williams,female,68,4,5,Ticket49,190.74,B33,S
50,0,2,Jane Davis,male,41,5,1,Ticket50,11.84,E49,Q
51,1,3,Olivia Brown,female,18,3,0,Ticket51,66.82,B41,S
52,1,2,Michael Miller,male,54,3,2,Ticket52,152.17,C29,C
53,1,1,Jane Smith,female,61,2,1,Ticket53,96.4,B59,C
54,1,2,Alexander Miller,female,19,0,3,Ticket54,182.12,A27,C
55,0,2,John Johnson,male,67,3,2,Ticket55,59.21,A36,S
56,0,1,William Davis,female,19,4,5,Ticket56,68.21,B78,S
57,0,1,Sophia Rodriguez,male,3,0,4,Ticket57,189.96,B39,Q
58,0,1,James Martinez,male,21,3,3,Ticket58,119.5,C73,S
59,0,2,Emily Rodriguez,male,14,2,0,Ticket59,144.89,B86,S
60,1,1,Sophia Miller,male,54,5,2,Ticket60,109.87,C97,S
61,0,3,Alexander Miller,female,33,5,1,Ticket61,198.17,C93,S
62,0,2,William Davis,male,49,3,3,Ticket62,21.74,B39,Q
63,0,3,James Brown,female,39,2,5,Ticket63,107.93,C78,C
64,0,2,James Brown,female,75,5,4,Ticket64,40.13,C76,S
65,1,3,Olivia Garcia,female,15,5,4,Ticket65,29.11,A21,S
66,0,2,Jane Johnson,male,5,5,5,Ticket66,153.65,E99,C
67,0,2,Alexander Miller,male,13,1,4,Ticket67,28.38,C8,S
68,1,3,James Martinez,female,52,2,5,Ticket68,143.09,A99,C
69,1,1,Emily Smith,female,48,0,4,Ticket69,147.92,E28,S
70,0,3,Alexander Davis,female,39,2,3,Ticket70,90.1,E20,C
71,0,1,John Martinez,female,32,0,2,Ticket71,65.37,E66,C
72,0,3,James Williams,male,62,0,5,Ticket72,35.79,C66,S
73,1,2,Jane Smith,female,37,4,2,Ticket73,42.36,E79,C
74,1,2,Jane Davis,male,63,4,5,Ticket74,117.48,B44,C
75,1,2,William Garcia,female,67,0,0,Ticket75,181.89,E66,C
76,1,2,Jane Jones,female,71,1,1,Ticket76,132.43,C83,S
77,1,3,Emma Johnson,female,80,5,1,Ticket77,170.33,A65,C
78,1,2,Sophia Jones,female,6,4,2,Ticket78,137.87,E28,S
79,0,2,John Garcia,male,41,2,3,Ticket79,199.58,B67,Q
80,1,3,Michael Brown,male,7,1,0,Ticket80,25.54,D8,S
81,1,3,James Brown,female,48,1,2,Ticket81,160.86,E20,S
82,1,2,Alexander Martinez,female,22,1,3,Ticket82,135.01,E62,Q
83,1,2,Olivia Smith,female,8,3,1,Ticket83,69.66,A13,C
84,1,1,Michael Brown,female,10,3,5,Ticket84,174.82,B54,S
85,1,1,Jane Brown,male,57,0,5,Ticket85,170.21,B94,S
86,0,1,John Davis,male,29,0,2,Ticket86,170.24,C70,C
87,1,2,John Rodriguez,male,10,2,4,Ticket87,98.83,C63,S
88,1,2,James Johnson,female,79,1,0,Ticket88,144.6,A4,S
89,0,1,William Garcia,male,14,5,1,Ticket89,138.27,D41,C
90,1,1,Alexander Smith,male,45,5,2,Ticket90,95.4,A14,Q
91,0,1,Emily Miller,female,41,0,4,Ticket91,37.0,D85,Q
92,0,2,Olivia Jones,male,56,5,1,Ticket92,106.26,B29,Q
93,1,2,Olivia Williams,male,4,1,0,Ticket93,126.42,E72,C
94,1,2,Alexander Williams,male,64,3,2,Ticket94,109.41,C15,Q
95,0,2,Alexander Garcia,female,72,4,0,Ticket95,15.95,A42,S
96,0,3,Sophia Williams,male,52,5,4,Ticket96,84.79,C15,S
97,1,1,William Garcia,female,10,4,3,Ticket97,145.54,B93,Q
98,1,2,William Williams,male,13,5,2,Ticket98,169.01,B27,C
99,1,1,Jane Davis,male,40,2,5,Ticket99,175.86,D87,C
100,0,1,Jane Williams,male,38,1,3,Ticket100,79.6,E95,C
101,1,2,John Miller,male,20,4,1,Ticket101,72.82,E61,S
102,0,3,Jane Davis,male,66,5,0,Ticket102,55.87,B41,Q
103,0,3,Emily Johnson,female,11,2,3,Ticket103,164.57,B70,S
104,0,2,John Davis,female,38,4,0,Ticket104,196.83,C42,Q
105,1,3,John Miller,male,34,3,2,Ticket105,102.81,B34,C
106,1,2,Michael Brown,male,74,2,3,Ticket106,52.08,C86,C
107,1,3,Emma Williams,female,44,4,3,Ticket107,109.6,A21,S
108,1,2,William Martinez,male,49,1,5,Ticket108,75.33,B24,C
109,1,2,Olivia Miller,male,67,3,2,Ticket109,149.85,A12,S
110,0,3,Emma Smith,male,10,4,4,Ticket110,160.07,E90,Q
111,1,1,John Williams,male,39,1,0,Ticket111,87.85,C38,C
112,1,1,John Garcia,female,5,4,3,Ticket112,55.28,C52,C
113,1,2,James Garcia,male,65,1,0,Ticket113,84.55,E18,S
114,0,2,Emma Jones,male,65,3,4,Ticket114,84.95,C15,S
115,0,3,Emma Brown,female,57,4,4,Ticket115,159.1,E91,C
116,1,2,Michael Miller,female,16,2,4,Ticket116,151.47,D66,C
117,0,1,Emma Williams,male,18,3,4,Ticket117,26.29,A71,S
118,0,3,Alexander Garcia,female,76,0,4,Ticket118,12.39,C26,C
119,0,1,Emily Rodriguez,female,65,5,3,Ticket119,141.22,D92,C
120,0,1,Emma Smith,female,12,4,4,Ticket120,136.99,E45,S
121,0,3,Emily Jones,female,34,2,3,Ticket121,95.53,B5,Q
122,1,2,Emma Jones,female,30,4,1,Ticket122,119.6,D30,C
123,0,2,Alexander Jones,male,31,4,4,Ticket123,199.42,D50,S
124,1,3,Sophia Williams,female,11,4,4,Ticket124,77.76,C54,Q
125,1,3,Sophia Johnson,male,69,0,2,Ticket125,100.82,C53,S
126,0,2,Olivia Miller,female,67,4,0,Ticket126,64.04,C91,C
127,1,2,Olivia Rodriguez,male,3,0,3,Ticket127,116.31,C92,S
128,1,3,Jane Smith,female,17,2,2,Ticket128,141.97,E33,Q
129,0,3,John Jones,male,19,4,5,Ticket129,99.93,D5,C
130,1,2,Jane Davis,female,42,3,2,Ticket130,69.89,D71,S
131,0,2,William Garcia,female,28,4,0,Ticket131,166.85,D91,S
132,0,3,Michael Miller,male,31,2,1,Ticket132,162.23,A2,Q
133,1,2,James Martinez,male,54,1,5,Ticket133,24.13,D28,C
134,0,2,William Miller,female,23,1,1,Ticket134,125.56,E57,Q
135,1,1,Olivia Miller,male,21,0,2,Ticket135,187.02,D75,C
136,1,1,William Johnson,male,54,4,3,Ticket136,58.59,C22,S
137,0,3,Emily Jones,female,15,4,2,Ticket137,110.84,A40,Q
138,0,2,Emma Garcia,male,3,4,1,Ticket138,113.19,B2,C
139,1,1,Emma Garcia,female,50,2,1,Ticket139,79.45,B50,C
140,0,3,William Williams,male,41,5,5,Ticket140,100.05,E72,S
141,1,2,Alexander Davis,male,53,5,3,Ticket141,133.85,C96,Q
142,0,3,James Rodriguez,male,26,0,3,Ticket142,123.33,C76,C
143,1,2,Jane Martinez,female,61,0,1,Ticket143,97.75,C38,S
144,0,2,William Garcia,male,80,3,0,Ticket144,69.57,A7,Q
145,1,1,Olivia Williams,female,26,5,4,Ticket145,135.54,E10,Q
146,1,2,Emma Davis,female,18,3,4,Ticket146,14.43,D17,S
147,0,3,John Williams,male,66,3,4,Ticket147,67.07,E27,Q
148,0,2,John Johnson,male,50,4,5,Ticket148,104.49,B80,C
149,0,2,Sophia Brown,male,18,3,5,Ticket149,161.32,E95,Q
150,0,2,Sophia Smith,female,76,5,1,Ticket150,176.76,E89,Q
151,0,2,Emma Miller,female,75,1,5,Ticket151,29.92,E59,Q
152,0,3,William Jones,female,56,2,1,Ticket152,89.73,C28,Q
153,1,3,Emma Miller,male,17,4,5,Ticket153,122.9,C68,C
154,1,2,Sophia Martinez,male,43,2,5,Ticket154,56.09,C43,Q
155,0,3,Alexander Miller,female,11,2,1,Ticket155,103.03,E26,S
156,1,1,Emma Davis,female,39,3,5,Ticket156,72.56,E21,C
157,0,1,Olivia Smith,female,67,4,4,Ticket157,175.21,A36,Q
158,0,1,William Jones,male,21,2,3,Ticket158,148.57,B57,Q
159,0,3,Sophia Jones,female,53,5,2,Ticket159,29.95,D41,C
160,0,2,Sophia Williams,male,40,2,4,Ticket160,70.65,E12,S
161,1,2,Sophia Miller,female,13,1,3,Ticket161,98.49,A19,Q
162,0,1,Sophia Johnson,male,59,0,1,Ticket162,120.74,A95,Q
163,1,2,Emily Miller,male,44,2,2,Ticket163,193.82,C93,Q
164,0,3,James Johnson,female,14,4,5,Ticket164,150.68,C48,S
165,1,3,Emily Jones,male,77,5,2,Ticket165,116.03,C10,S
166,0,2,James Williams,male,45,3,5,Ticket166,138.59,E5,Q
167,0,3,James Miller,female,80,2,1,Ticket167,63.05,E75,S
168,1,3,Olivia Brown,female,69,0,1,Ticket168,191.54,D45,Q
169,1,2,Michael Garcia,female,52,5,5,Ticket169,61.16,D37,Q
170,1,2,John Miller,male,29,5,1,Ticket170,182.34,E75,Q
171,0,1,John Williams,female,44,0,5,Ticket171,38.01,A29,Q
172,1,1,John Martinez,male,25,5,1,Ticket172,12.89,E40,S
173,0,3,Michael Rodriguez,female,69,3,1,Ticket173,67.13,B73,C
174,1,2,Jane Williams,female,77,0,1,Ticket174,178.72,B23,S
175,1,1,Emily Johnson,male,43,5,4,Ticket175,120.27,A13,C
176,0,2,Alexander Rodriguez,female,17,5,1,Ticket176,180.02,A52,S
177,1,3,Emily Rodriguez,male,32,4,1,Ticket177,108.56,B73,C
178,1,3,Michael Davis,female,22,0,4,Ticket178,79.23,D3,C
179,1,2,Sophia Williams,female,44,0,0,Ticket179,185.2,D17,Q
180,0,2,Olivia Davis,female,60,1,5,Ticket180,158.61,C38,S
181,0,2,William Jones,female,37,0,5,Ticket181,28.33,A8,C
182,1,1,Alexander Rodriguez,female,30,2,2,Ticket182,135.01,E99,Q
183,0,1,John Martinez,male,40,5,0,Ticket183,67.01,C71,S
184,1,3,James Jones,female,65,2,1,Ticket184,67.38,E100,S
185,0,2,John Williams,female,29,1,2,Ticket185,199.99,C33,Q
186,0,3,Emily Johnson,female,11,4,0,Ticket186,129.11,D90,Q
187,1,1,Michael Williams,female,15,4,0,Ticket187,124.5,E29,S
188,1,3,Emma Davis,male,25,4,1,Ticket188,132.5,B28,C
189,1,2,John Rodriguez,male,74,4,3,Ticket189,93.98,B32,S
190,0,3,Sophia Rodriguez,female,44,0,0,Ticket190,192.54,E99,S
191,0,2,William Rodriguez,male,58,5,3,Ticket191,28.7,A67,S
192,0,2,John Garcia,male,68,1,4,Ticket192,126.97,D85,S
193,1,3,Alexander Miller,male,73,4,2,Ticket193,71.61,A12,C
194,0,3,Michael Miller,female,15,1,5,Ticket194,118.88,A77,Q
195,1,1,Olivia Martinez,male,43,1,4,Ticket195,175.76,D94,S
196,1,3,Michael Smith,male,37,5,5,Ticket196,184.48,D17,Q
197,0,1,Emily Jones,male,72,5,4,Ticket197,72.48,D65,S
198,1,1,James Garcia,female,44,0,3,Ticket198,13.18,A73,Q
199,1,3,James Williams,female,65,1,1,Ticket199,12.74,D88,Q
200,0,2,Alexander Brown,male,54,0,4,Ticket200,25.06,A100,Q
201,0,3,Michael Smith,male,79,4,2,Ticket201,175.16,C5,S
202,1,2,Emma Brown,female,64,1,4,Ticket202,163.73,E27,Q
203,0,3,Jane Miller,female,5,0,5,Ticket203,160.84,D27,S
204,1,2,James Miller,female,6,5,2,Ticket204,40.65,C94,S
205,1,2,Michael Brown,male,36,1,0,Ticket205,156.18,E46,C
206,1,2,Jane Miller,male,10,2,3,Ticket206,186.3,B81,Q
207,1,3,John Garcia,female,8,5,5,Ticket207,59.79,A7,Q
208,1,2,Emily Jones,male,15,5,0,Ticket208,18.4,B28,Q
209,1,3,Jane Miller,male,22,1,1,Ticket209,99.84,C48,C
210,0,1,James Rodriguez,female,44,0,0,Ticket210,118.48,A17,S
211,0,3,Emma Williams,male,55,1,4,Ticket211,196.52,B41,Q
212,1,2,Alexander Williams,female,49,3,4,Ticket212,106.99,E53,S
213,1,2,Sophia Johnson,female,49,3,3,Ticket213,183.75,E92,Q
214,0,3,Alexander Garcia,male,70,1,0,Ticket214,79.95,E32,S
215,0,2,Michael Brown,female,36,3,2,Ticket215,18.29,C73,Q
216,1,2,James Rodriguez,male,69,2,4,Ticket216,187.6,D25,S
217,0,1,James Garcia,female,17,2,1,Ticket217,69.11,D51,Q
218,0,2,Michael Jones,female,1,1,2,Ticket218,192.37,B100,Q
219,1,1,Sophia Johnson,female,6,5,1,Ticket219,166.55,B10,C
220,0,3,Sophia Brown,male,63,5,2,Ticket220,165.31,D91,C
221,0,1,Sophia Martinez,female,68,2,5,Ticket221,67.4,C92,Q
222,1,1,James Martinez,female,46,4,2,Ticket222,39.78,C35,S
223,1,2,Emily Johnson,male,18,0,4,Ticket223,77.23,E83,S
224,1,2,William Brown,male,2,2,3,Ticket224,137.13,D82,S
225,1,3,John Martinez,female,8,4,1,Ticket225,188.11,B34,C
226,1,3,Michael Davis,male,43,5,4,Ticket226,92.88,D100,S
227,0,2,John Williams,female,18,2,0,Ticket227,22.56,A62,S
228,0,3,William Davis,male,22,1,2,Ticket228,156.91,C35,S
229,1,1,William Rodriguez,male,13,4,1,Ticket229,68.07,A78,Q
230,1,2,William Davis,female,41,3,5,Ticket230,62.73,B55,C
231,1,3,William Martinez,male,70,0,3,Ticket231,70.5,A44,S
232,1,1,Jane Davis,female,40,0,5,Ticket232,149.92,C79,C
233,1,1,William Brown,female,20,5,0,Ticket233,38.02,A44,Q
234,0,3,Jane Smith,female,14,5,1,Ticket234,13.85,E17,S
235,1,1,William Jones,male,25,4,2,Ticket235,29.91,A75,Q
236,1,3,Emily Williams,female,50,5,4,Ticket236,31.18,B9,Q
237,1,1,Alexander Garcia,male,59,1,2,Ticket237,74.52,C91,S
238,1,1,Jane Miller,female,58,1,3,Ticket238,39.37,C36,S
239,1,2,Olivia Miller,male,65,0,1,Ticket239,129.66,A80,S
240,1,3,Emma Brown,female,74,2,3,Ticket240,120.85,E70,S
241,1,1,Alexander Johnson,female,57,5,0,Ticket241,193.08,C79,Q
242,0,1,Alexander Brown,female,72,1,0,Ticket242,195.96,C60,S
243,1,2,Emma Rodriguez,male,39,5,1,Ticket243,24.52,D63,Q
244,1,3,Michael Johnson,male,72,1,3,Ticket244,107.89,E99,C
245,0,3,Alexander Johnson,female,29,3,0,Ticket245,157.43,C4,C
246,1,1,James Brown,female,47,5,4,Ticket246,115.96,C67,S
247,0,1,William Miller,male,10,4,3,Ticket247,140.33,B3,C
248,1,1,Sophia Williams,female,43,5,4,Ticket248,28.12,E5,S
249,1,2,Emily Brown,male,80,4,5,Ticket249,161.47,B17,S
250,1,3,Michael Rodriguez,female,6,0,5,Ticket250,160.74,C97,S
251,1,1,Olivia Brown,male,57,4,2,Ticket251,53.67,B11,S
252,0,1,Emily Miller,male,44,5,2,Ticket252,124.1,A12,S
253,0,1,James Davis,male,54,3,1,Ticket253,149.15,D28,S
254,1,1,James Jones,male,69,3,1,Ticket254,163.25,D25,C
255,1,3,Sophia Garcia,male,12,2,5,Ticket255,80.13,B49,C
256,0,1,William Garcia,female,49,2,4,Ticket256,94.3,A88,Q
257,1,2,Alexander Brown,male,54,1,1,Ticket257,119.89,E56,C
258,1,1,Emma Martinez,female,72,2,5,Ticket258,166.52,B52,C
259,0,2,Sophia Miller,female,54,1,2,Ticket259,153.94,B64,S
260,1,3,Olivia Rodriguez,male,42,3,1,Ticket260,157.79,B40,C
261,1,3,Olivia Davis,male,38,3,4,Ticket261,111.31,D66,S
262,0,3,Olivia Garcia,female,12,2,4,Ticket262,49.44,B43,C
263,0,1,Jane Smith,male,17,3,4,Ticket263,95.8,A40,S
264,0,1,James Davis,male,74,3,4,Ticket264,142.51,B21,S
265,1,3,Emma Garcia,female,17,3,3,Ticket265,74.63,A100,S
266,1,2,James Jones,female,46,2,5,Ticket266,151.82,B84,Q
267,0,1,Alexander Miller,female,36,2,5,Ticket267,27.78,C49,Q
268,1,3,James Williams,female,33,3,5,Ticket268,55.8,B21,C
269,1,2,Michael Davis,male,26,2,5,Ticket269,14.05,A6,S
270,1,1,Sophia Williams,female,2,5,3,Ticket270,101.77,D94,C
271,0,2,Emma Davis,female,46,5,4,Ticket271,72.19,D86,S
272,1,1,Alexander Johnson,female,73,3,3,Ticket272,164.52,E90,C
273,1,1,Alexander Davis,female,68,0,5,Ticket273,55.91,A80,S
274,0,2,Olivia Johnson,male,13,0,2,Ticket274,128.59,E22,Q
275,0,2,James Brown,female,11,1,4,Ticket275,102.36,D93,Q
276,1,1,Emma Miller,female,42,1,5,Ticket276,18.37,B5,Q
277,0,2,John Rodriguez,female,36,2,2,Ticket277,164.71,D9,Q
278,0,1,James Garcia,female,50,4,1,Ticket278,74.98,B66,C
279,1,1,Sophia Johnson,female,30,4,0,Ticket279,14.36,C92,C
280,0,3,Olivia Davis,female,58,1,2,Ticket280,163.0,B59,Q
281,0,1,Emily Smith,male,60,5,1,Ticket281,67.6,C27,Q
282,1,2,Emma Garcia,male,30,1,2,Ticket282,133.15,B42,S
283,0,2,Michael Martinez,female,24,2,2,Ticket283,172.17,E90,Q
284,0,2,Olivia Miller,male,27,5,1,Ticket284,156.84,B62,S
285,1,3,Sophia Williams,female,64,3,5,Ticket285,123.1,E5,S
286,0,3,Emily Garcia,male,49,3,4,Ticket286,109.34,C28,C
287,0,3,William Garcia,male,23,3,2,Ticket287,14.58,A59,C
288,0,3,John Smith,female,76,5,5,Ticket288,122.97,B73,Q
289,1,1,Alexander Williams,female,25,2,1,Ticket289,158.72,B100,S
290,1,2,Michael Miller,female,2,5,2,Ticket290,80.68,E96,Q
291,0,2,Emily Brown,male,29,3,1,Ticket291,148.52,C60,C
292,1,1,Olivia Davis,male,32,1,5,Ticket292,43.38,D18,Q
293,0,2,Jane Garcia,female,58,5,2,Ticket293,43.13,B38,C
294,1,2,James Smith,male,52,3,0,Ticket294,21.26,E100,S
295,0,2,Jane Smith,male,10,5,1,Ticket295,116.13,E27,C
296,1,2,Emma Rodriguez,female,46,3,5,Ticket296,66.21,A8,Q
297,0,1,Emily Miller,female,78,5,2,Ticket297,75.0,A50,Q
298,1,2,Michael Garcia,male,56,4,0,Ticket298,152.98,B23,Q
299,1,3,Alexander Miller,female,18,4,1,Ticket299,147.59,E23,S
300,1,1,Alexander Jones,male,16,4,3,Ticket300,158.83,E25,Q
301,1,1,Michael Jones,female,26,1,3,Ticket301,144.15,B36,C
302,0,3,Alexander Johnson,female,4,4,1,Ticket302,24.22,A14,C
303,0,3,Emily Williams,male,70,2,5,Ticket303,79.86,E83,C
304,0,1,Emily Martinez,male,40,0,3,Ticket304,39.34,C43,Q
305,1,2,Olivia Brown,male,78,0,4,Ticket305,124.27,E3,Q
306,1,3,John Miller,male,28,2,0,Ticket306,128.53,B10,Q
307,0,2,John Garcia,female,14,4,5,Ticket307,22.38,C53,C
308,0,1,Sophia Rodriguez,male,11,2,2,Ticket308,141.09,D53,C
309,0,3,James Brown,male,26,0,1,Ticket309,26.76,C82,S
310,1,2,Michael Miller,female,65,3,1,Ticket310,146.02,D43,S
311,1,3,James Smith,male,35,3,5,Ticket311,64.42,A73,C
312,0,3,Sophia Miller,male,25,3,5,Ticket312,75.26,E77,S
313,1,2,John Smith,male,1,4,4,Ticket313,134.86,A79,C
314,0,2,Alexander Martinez,female,7,4,0,Ticket314,161.93,C74,C
315,0,1,Emily Williams,male,10,0,5,Ticket315,119.41,C72,C
316,0,2,Olivia Martinez,male,57,2,2,Ticket316,79.2,A45,Q
317,1,2,Michael Smith,female,26,4,3,Ticket317,78.11,E2,C
318,0,2,William Williams,male,71,0,0,Ticket318,20.06,B19,S
319,1,1,Jane Garcia,male,14,2,0,Ticket319,56.15,A8,Q
320,0,1,Michael Miller,male,76,3,4,Ticket320,114.2,B91,Q
321,0,3,Alexander Smith,male,23,2,4,Ticket321,85.69,C72,Q
322,0,3,Emily Garcia,female,36,1,0,Ticket322,185.14,E33,Q
323,1,2,Sophia Garcia,male,72,2,3,Ticket323,129.44,B95,C
324,0,3,Emily Williams,female,4,2,4,Ticket324,42.84,B87,S
325,0,1,Emily Martinez,male,20,3,4,Ticket325,128.57,B87,Q
326,0,1,Olivia Garcia,female,27,3,5,Ticket326,94.51,C4,C
327,1,3,Sophia Garcia,male,16,2,3,Ticket327,158.68,B99,Q
328,0,3,Jane Martinez,female,71,4,1,Ticket328,140.77,D14,S
329,0,2,Jane Johnson,male,71,0,2,Ticket329,65.87,D64,C
330,1,3,Emma Martinez,male,67,1,1,Ticket330,139.32,C7,Q
331,0,3,Jane Brown,male,36,3,4,Ticket331,112.77,C48,C
332,1,2,Emily Smith,male,62,5,4,Ticket332,113.24,D36,Q
333,0,1,Sophia Martinez,female,2,2,5,Ticket333,116.35,E85,Q
334,0,1,Sophia Brown,male,2,1,1,Ticket334,53.7,D70,Q
335,0,3,Emily Miller,male,65,4,5,Ticket335,146.66,D19,S
336,0,3,Emma Martinez,male,13,5,0,Ticket336,41.59,B2,S
337,0,1,Michael Davis,male,70,1,5,Ticket337,129.59,A84,Q
338,0,2,Emma Garcia,male,64,1,1,Ticket338,157.22,B60,Q
339,0,3,John Smith,female,62,0,2,Ticket339,94.93,C39,Q
340,1,2,John Jones,female,30,0,2,Ticket340,28.5,E23,C
341,1,3,Jane Jones,male,32,0,1,Ticket341,45.45,A54,C
342,0,3,John Johnson,male,27,2,1,Ticket342,161.02,A71,C
343,1,3,Sophia Miller,female,11,1,3,Ticket343,162.76,B92,Q
344,1,1,Emma Smith,male,16,0,5,Ticket344,60.88,C66,Q
345,1,2,James Smith,female,44,5,2,Ticket345,134.83,D56,C
346,1,2,Sophia Jones,male,39,2,5,Ticket346,112.64,E77,Q
347,1,1,Emily Rodriguez,female,43,0,0,Ticket347,106.46,A85,Q
348,0,1,Olivia Garcia,female,6,5,3,Ticket348,26.2,A55,S
349,0,2,Olivia Brown,female,71,0,0,Ticket349,140.13,B31,S
350,1,1,Jane Johnson,female,43,1,1,Ticket350,161.26,D95,C
351,0,3,William Williams,male,51,0,1,Ticket351,53.62,C80,S
352,0,2,Sophia Smith,male,71,5,1,Ticket352,107.2,A79,C
353,0,1,Alexander Garcia,male,50,4,1,Ticket353,33.18,C78,S
354,0,3,Emily Martinez,male,46,3,2,Ticket354,119.24,B17,S
355,1,3,Jane Garcia,female,71,4,5,Ticket355,49.17,C48,S
356,0,1,John Davis,male,67,3,2,Ticket356,192.8,D4,C
357,1,3,Jane Jones,male,1,2,4,Ticket357,128.54,C81,C
358,0,2,Emma Williams,male,20,4,4,Ticket358,131.74,E58,Q
359,0,2,Michael Smith,male,3,4,5,Ticket359,58.13,E50,C
360,1,3,Emma Brown,male,71,1,0,Ticket360,80.04,D51,Q
361,0,1,Olivia Davis,male,75,2,5,Ticket361,65.64,E47,S
362,0,1,Jane Williams,male,24,1,3,Ticket362,127.36,B70,S
363,1,3,Olivia Johnson,female,80,3,3,Ticket363,49.13,B85,S
364,0,1,Michael Martinez,male,54,4,5,Ticket364,77.03,D94,Q
365,1,3,Olivia Davis,female,5,5,2,Ticket365,180.39,D5,Q
366,0,2,Michael Brown,male,3,3,5,Ticket366,23.33,E87,Q
367,0,1,William Johnson,male,48,4,4,Ticket367,141.28,D76,Q
368,1,2,Olivia Martinez,male,5,0,5,Ticket368,166.8,A23,S
369,0,1,Emily Garcia,male,44,0,2,Ticket369,46.31,D77,S
370,0,3,Emily Martinez,male,39,5,5,Ticket370,10.65,C82,Q
371,1,2,Emily Garcia,female,49,3,0,Ticket371,68.42,D8,Q
372,1,1,Alexander Garcia,male,57,5,5,Ticket372,58.69,D17,S
373,1,2,Emily Jones,female,49,1,1,Ticket373,164.98,B65,Q
374,0,3,Olivia Martinez,male,68,2,2,Ticket374,133.81,A70,S
375,1,3,Emily Martinez,female,47,1,3,Ticket375,56.08,C33,Q
376,1,2,Alexander Garcia,female,55,2,3,Ticket376,63.4,E22,Q
377,0,1,Olivia Johnson,male,80,1,3,Ticket377,36.8,C30,C
378,0,3,Sophia Williams,female,1,0,0,Ticket378,183.34,E43,S
379,0,3,James Jones,male,1,5,4,Ticket379,44.98,D27,S
380,0,2,Alexander Davis,male,62,2,3,Ticket380,122.44,B93,Q
381,1,3,John Smith,male,55,4,0,Ticket381,18.52,D39,C
382,1,1,William Smith,male,9,0,3,Ticket382,133.69,D68,C
383,1,3,James Smith,male,17,3,0,Ticket383,95.15,D73,C
384,1,3,William Johnson,female,8,2,0,Ticket384,37.53,E12,C
385,1,1,John Miller,male,70,5,4,Ticket385,54.61,C69,S
386,1,1,John Garcia,female,33,3,3,Ticket386,89.68,B31,Q
387,0,3,Michael Jones,male,77,2,4,Ticket387,82.76,B51,S
388,1,3,Emily Miller,male,66,3,0,Ticket388,189.46,A10,Q
389,0,2,Alexander Martinez,male,74,4,5,Ticket389,43.61,B67,Q
390,0,3,James Johnson,male,62,4,1,Ticket390,33.99,C34,S
391,1,1,Emily Johnson,male,66,2,5,Ticket391,161.46,B90,S
392,0,2,Jane Williams,male,73,1,0,Ticket392,50.88,E81,C
393,0,3,Sophia Martinez,female,44,1,3,Ticket393,162.24,A65,S
394,0,2,Emily Brown,male,77,5,0,Ticket394,171.03,C1,Q
395,1,3,Emily Jones,female,7,2,1,Ticket395,100.03,E77,C
396,0,1,Alexander Brown,male,27,1,3,Ticket396,77.76,A77,Q
397,0,1,John Garcia,female,34,5,4,Ticket397,191.31,E65,S
398,0,3,Alexander Brown,male,57,4,1,Ticket398,30.71,E5,C
399,1,3,John Miller,male,7,4,5,Ticket399,16.94,C12,C
400,1,1,Michael Brown,female,4,5,2,Ticket400,31.46,D88,C
401,0,1,John Martinez,male,65,1,5,Ticket401,80.12,C38,S
402,0,1,Jane Brown,female,13,0,4,Ticket402,62.94,C30,Q
403,1,2,John Smith,female,23,5,0,Ticket403,160.06,A30,S
404,1,1,Emma Johnson,female,62,0,2,Ticket404,85.15,A66,C
405,0,2,Emma Williams,female,53,0,0,Ticket405,121.43,E91,Q
406,1,3,Alexander Smith,female,77,4,3,Ticket406,10.22,A4,S
407,0,1,John Brown,male,26,3,5,Ticket407,165.47,C85,C
408,1,3,John Jones,female,35,3,2,Ticket408,66.12,D35,Q
409,1,3,William Davis,female,50,3,1,Ticket409,83.87,C93,S
410,0,2,Olivia Miller,female,64,2,1,Ticket410,106.38,E22,S
411,0,2,Emma Williams,male,33,2,0,Ticket411,99.49,E53,S
412,0,3,James Smith,male,13,5,5,Ticket412,56.47,D82,Q
413,1,2,John Williams,male,33,4,4,Ticket413,134.9,C50,Q
414,1,2,Emily Brown,female,71,1,4,Ticket414,119.95,C57,C
415,1,1,Michael Brown,female,10,2,5,Ticket415,37.56,E20,S
416,0,3,Sophia Brown,female,77,4,3,Ticket416,191.51,B79,S
417,0,3,Michael Miller,female,57,2,3,Ticket417,165.39,B47,S
418,0,1,John Johnson,female,40,3,4,Ticket418,133.43,B96,S
419,0,2,James Martinez,male,60,2,1,Ticket419,193.51,A32,Q
420,1,2,Alexander Brown,female,74,1,4,Ticket420,143.13,B48,C
421,0,1,John Williams,female,74,5,0,Ticket421,153.76,B9,S
422,1,2,James Martinez,male,2,3,4,Ticket422,180.42,A13,C
423,0,3,Emily Miller,male,29,3,3,Ticket423,135.61,E14,S
424,0,1,Olivia Johnson,male,10,5,2,Ticket424,168.69,D26,C
425,0,2,Alexander Rodriguez,female,65,1,3,Ticket425,192.99,B27,S
426,0,2,Olivia Miller,male,34,2,3,Ticket426,187.58,A29,C
427,0,3,Michael Jones,female,11,2,0,Ticket427,89.21,D74,C
428,0,2,John Rodriguez,male,62,2,5,Ticket428,13.98,B33,S
429,1,2,William Johnson,female,68,0,3,Ticket429,19.86,C51,S
430,1,3,James Davis,female,30,3,1,Ticket430,142.14,D82,Q
431,1,3,Olivia Williams,female,74,4,3,Ticket431,47.42,A60,C
432,0,2,Michael Johnson,male,69,3,3,Ticket432,43.47,D58,S
433,1,2,Michael Garcia,female,9,4,3,Ticket433,62.27,B17,C
434,0,1,John Miller,male,24,4,4,Ticket434,176.36,E65,S
435,1,3,John Brown,male,29,3,1,Ticket435,10.18,C93,S
436,1,1,Emma Williams,female,55,5,5,Ticket436,21.66,C28,Q
437,1,2,John Johnson,female,23,4,0,Ticket437,167.81,D21,C
438,0,1,James Williams,male,56,5,2,Ticket438,81.25,A46,C
439,1,3,John Jones,female,42,3,5,Ticket439,151.19,A27,C
440,1,2,Olivia Miller,male,7,0,3,Ticket440,98.91,B66,Q
441,0,2,William Davis,male,43,0,1,Ticket441,154.62,C49,S
442,1,2,James Davis,female,62,3,0,Ticket442,191.98,E25,C
443,1,3,William Martinez,female,61,2,2,Ticket443,129.25,C60,Q
444,0,3,Olivia Miller,female,30,1,4,Ticket444,158.22,C85,Q
445,0,1,Emma Brown,female,60,0,3,Ticket445,194.09,E86,C
446,0,3,John Davis,male,76,1,3,Ticket446,60.84,D86,C
447,1,1,James Brown,male,14,4,5,Ticket447,73.34,A8,Q
448,0,3,Emma Rodriguez,female,62,3,4,Ticket448,52.16,A99,S
449,0,3,John Davis,female,62,2,0,Ticket449,131.54,B70,Q
450,1,1,William Brown,male,30,1,0,Ticket450,44.08,E90,S
451,0,3,Michael Davis,male,44,3,3,Ticket451,173.48,A18,S
452,0,2,Michael Brown,female,43,2,1,Ticket452,133.89,D60,Q
453,0,3,Emily Miller,female,42,4,2,Ticket453,85.45,B40,Q
454,1,1,Emily Johnson,male,64,4,1,Ticket454,35.89,B48,S
455,0,1,Olivia Brown,male,14,5,2,Ticket455,39.96,A29,C
456,0,3,John Davis,male,17,1,3,Ticket456,52.53,E8,Q
457,0,2,Jane Rodriguez,female,41,5,0,Ticket457,26.81,C12,S
458,0,3,Sophia Garcia,female,30,3,0,Ticket458,145.27,C22,Q
459,0,3,Michael Smith,female,71,2,5,Ticket459,27.81,D13,S
460,0,1,Alexander Jones,female,19,0,2,Ticket460,124.39,A73,C
461,0,3,Jane Rodriguez,female,44,3,4,Ticket461,146.35,A24,S
462,0,1,Emily Rodriguez,male,78,1,1,Ticket462,189.8,D31,Q
463,1,2,Emma Brown,female,34,4,5,Ticket463,42.12,D93,Q
464,0,3,Jane Brown,female,80,3,0,Ticket464,168.72,E91,C
465,0,3,Emma Garcia,female,73,1,1,Ticket465,146.0,C60,C
466,1,2,Jane Garcia,female,1,4,1,Ticket466,95.28,A100,Q
467,0,3,James Smith,female,44,2,0,Ticket467,45.72,C45,Q
468,1,3,Emily Smith,female,54,0,3,Ticket468,188.79,A72,C
469,0,3,Olivia Johnson,female,19,0,3,Ticket469,71.92,C88,Q
470,0,1,Sophia Smith,male,10,1,5,Ticket470,90.0,C69,C
471,0,1,Sophia Garcia,male,75,0,5,Ticket471,135.42,E88,Q
472,0,1,Sophia Davis,female,40,0,0,Ticket472,176.94,C85,S
473,1,1,John Miller,male,70,0,4,Ticket473,175.27,D36,Q
474,1,1,Sophia Johnson,male,14,3,4,Ticket474,113.04,A60,S
475,1,1,Sophia Jones,male,72,5,1,Ticket475,109.66,D23,Q
476,1,3,John Rodriguez,male,77,0,4,Ticket476,60.15,D95,C
477,0,2,Alexander Smith,male,25,2,3,Ticket477,90.07,D95,C
478,0,2,James Miller,female,32,2,0,Ticket478,109.21,C94,C
479,0,1,John Miller,female,10,4,2,Ticket479,134.09,E71,Q
480,1,3,Olivia Smith,male,20,5,3,Ticket480,161.11,D8,C
481,0,2,James Williams,male,11,3,1,Ticket481,166.79,A44,C
482,1,3,Emma Williams,male,9,4,0,Ticket482,194.7,B26,S
483,1,3,Olivia Davis,female,39,4,4,Ticket483,193.65,E19,Q
484,0,2,Olivia Miller,male,33,0,5,Ticket484,68.87,A11,C
485,0,1,Emma Williams,female,10,3,3,Ticket485,12.21,D48,C
486,0,3,Olivia Brown,female,7,5,3,Ticket486,92.36,B29,Q
487,0,1,Sophia Garcia,male,54,5,4,Ticket487,37.56,E58,C
488,1,1,John Williams,male,38,3,2,Ticket488,160.93,C58,C
489,0,1,William Williams,male,49,5,4,Ticket489,68.84,A79,Q
490,1,3,William Brown,male,52,1,1,Ticket490,185.27,C16,S
491,1,2,Jane Martinez,male,75,2,1,Ticket491,157.76,C24,S
492,0,2,James Garcia,male,26,1,3,Ticket492,136.87,C92,C
493,1,1,Emma Davis,male,27,2,3,Ticket493,55.31,D42,Q
494,1,3,Olivia Garcia,female,9,0,2,Ticket494,29.53,B85,C
495,0,3,Emily Jones,female,58,0,2,Ticket495,69.6,D15,Q
496,1,3,Michael Miller,female,70,5,0,Ticket496,54.78,E77,C
497,1,3,Jane Williams,male,74,2,5,Ticket497,13.15,A7,S
498,0,2,William Garcia,male,53,4,1,Ticket498,132.15,E10,S
499,1,1,Sophia Williams,male,63,1,1,Ticket499,176.45,D8,Q
500,0,1,Michael Williams,female,28,3,4,Ticket500,93.44,A29,S
501,1,1,James Martinez,female,25,2,0,Ticket501,14.14,D90,Q
502,0,1,Sophia Jones,female,62,3,3,Ticket502,39.91,B90,S
503,0,2,Sophia Jones,male,54,2,2,Ticket503,37.51,B34,Q
504,1,2,William Davis,female,22,0,5,Ticket504,196.91,A18,Q
505,1,2,Emily Williams,male,76,3,2,Ticket505,93.3,B85,S
506,0,1,Jane Rodriguez,female,45,1,2,Ticket506,26.75,C16,C
507,0,3,William Martinez,male,7,2,0,Ticket507,96.35,C44,Q
508,1,2,Michael Martinez,female,20,0,1,Ticket508,43.37,D12,S
509,1,3,Michael Johnson,male,48,1,1,Ticket509,34.55,B7,Q
510,0,3,Michael Garcia,male,54,0,2,Ticket510,182.91,B53,Q
511,1,2,James Davis,male,41,1,2,Ticket511,57.13,A18,Q
512,0,1,Emily Smith,female,30,4,2,Ticket512,87.19,E41,S
513,0,1,Jane Martinez,female,24,3,0,Ticket513,166.13,B51,Q
514,1,1,Michael Miller,female,75,4,4,Ticket514,186.38,D64,C
515,0,2,Emily Jones,female,56,5,0,Ticket515,166.0,A26,Q
516,1,3,Jane Rodriguez,male,2,2,5,Ticket516,142.68,E42,Q
517,0,2,Alexander Jones,female,16,4,5,Ticket517,94.42,C23,Q
518,0,1,James Garcia,male,53,2,0,Ticket518,74.93,C10,Q
519,1,3,Michael Brown,female,69,4,1,Ticket519,183.24,C40,S
520,0,3,Emma Martinez,female,52,1,0,Ticket520,38.9,C66,C
521,1,2,James Garcia,female,21,4,4,Ticket521,73.3,D42,S
522,1,1,John Miller,female,36,4,5,Ticket522,105.42,D11,C
523,1,3,Emma Miller,female,49,3,0,Ticket523,115.13,D37,Q
524,1,1,Olivia Smith,female,80,5,3,Ticket524,75.49,E60,C
525,0,3,Emily Johnson,female,52,5,5,Ticket525,194.4,A37,C
526,1,2,Sophia Brown,male,57,3,2,Ticket526,166.57,B70,Q
527,1,2,Emma Miller,female,32,1,2,Ticket527,179.16,B19,Q
528,0,1,Jane Davis,male,57,0,0,Ticket528,66.41,A51,C
529,1,2,John Jones,male,59,3,4,Ticket529,171.78,E100,Q
530,0,3,Michael Jones,male,9,2,2,Ticket530,102.67,A62,S
531,1,2,Jane Williams,female,25,2,5,Ticket531,38.71,B43,S
532,1,3,William Smith,female,47,2,2,Ticket532,171.87,B48,S
533,1,3,John Davis,male,1,2,2,Ticket533,76.85,B38,C
534,0,1,Olivia Brown,female,47,2,0,Ticket534,158.08,B17,Q
535,1,2,Alexander Brown,male,38,2,0,Ticket535,195.83,A83,S
536,1,3,Emily Williams,male,68,2,2,Ticket536,100.4,A20,C
537,0,1,Sophia Brown,male,1,4,0,Ticket537,184.99,E81,S
538,1,2,John Johnson,female,13,4,5,Ticket538,138.31,E18,C
539,1,1,Jane Jones,female,28,1,3,Ticket539,84.95,B42,S
540,1,1,Emma Jones,female,34,4,4,Ticket540,148.48,E33,S
541,1,3,Emma Williams,female,58,0,5,Ticket541,104.5,D64,S
542,1,3,William Brown,male,42,3,2,Ticket542,145.07,B43,Q
543,0,2,James Jones,female,66,4,0,Ticket543,112.23,E10,S
544,1,2,Sophia Brown,female,57,4,0,Ticket544,118.77,E84,S
545,0,1,Jane Johnson,male,7,1,4,Ticket545,114.83,D12,Q
546,1,1,Sophia Johnson,female,43,3,4,Ticket546,14.94,B89,Q
547,1,3,Emma Rodriguez,male,33,2,0,Ticket547,164.8,A7,S
548,0,3,William Johnson,male,19,4,1,Ticket548,81.55,D36,Q
549,0,1,James Brown,female,72,3,4,Ticket549,52.82,E11,S
550,1,3,Alexander Rodriguez,male,21,0,1,Ticket550,168.2,B96,S
551,1,1,Emily Johnson,female,59,4,2,Ticket551,26.85,A97,C
552,1,3,Alexander Smith,male,80,0,3,Ticket552,182.3,B47,C
553,0,2,Emma Garcia,female,69,3,5,Ticket553,87.33,C92,C
554,0,1,Olivia Smith,female,51,3,4,Ticket554,159.23,A50,Q
555,0,2,Michael Williams,male,79,4,3,Ticket555,158.73,D11,C
556,0,2,John Smith,female,7,3,1,Ticket556,55.29,E91,C
557,0,2,Jane Johnson,female,27,5,1,Ticket557,157.21,C87,S
558,1,3,William Miller,male,11,4,5,Ticket558,68.58,A88,C
559,0,1,Jane Brown,female,69,4,4,Ticket559,150.12,A82,C
560,0,3,Sophia Garcia,female,33,3,1,Ticket560,53.23,A95,Q
561,1,2,Olivia Jones,male,60,5,0,Ticket561,158.02,A87,S
562,1,1,Alexander Brown,male,64,3,2,Ticket562,51.57,B41,S
563,1,2,Jane Johnson,female,55,1,2,Ticket563,134.96,A14,S
564,0,3,Emily Martinez,male,31,2,0,Ticket564,162.22,C21,Q
565,1,2,Olivia Jones,female,19,3,5,Ticket565,18.36,C28,Q
566,0,2,Jane Davis,male,70,0,3,Ticket566,155.49,B81,Q
567,0,1,Jane Miller,male,12,0,2,Ticket567,100.56,B95,S
568,0,2,Michael Williams,male,27,0,2,Ticket568,154.57,D28,S
569,1,1,Emily Rodriguez,female,48,1,5,Ticket569,193.79,E7,S
570,1,3,John Rodriguez,female,51,5,2,Ticket570,192.51,D70,C
571,1,2,Emily Williams,male,76,3,1,Ticket571,198.93,C78,S
572,1,3,Jane Miller,male,62,4,2,Ticket572,188.92,D10,Q
573,0,3,Emily Garcia,female,65,0,5,Ticket573,95.63,D93,C
574,0,1,Emma Brown,male,55,0,1,Ticket574,23.28,C73,C
575,0,1,Michael Williams,female,32,2,1,Ticket575,70.7,A19,S
576,1,3,Alexander Brown,female,68,1,0,Ticket576,99.2,B100,C
577,0,3,Jane Rodriguez,female,62,1,2,Ticket577,114.51,D47,C
578,1,3,John Smith,female,48,4,2,Ticket578,183.32,A27,Q
579,0,1,William Garcia,female,35,3,0,Ticket579,124.27,A17,Q
580,0,1,Emily Williams,male,7,0,3,Ticket580,160.03,B96,Q
581,0,1,Sophia Brown,male,17,1,1,Ticket581,188.22,C78,Q
582,0,3,John Jones,male,59,5,2,Ticket582,192.37,C15,Q
583,0,2,Alexander Garcia,male,21,0,3,Ticket583,112.38,A15,Q
584,0,2,Sophia Smith,male,74,5,2,Ticket584,105.23,B46,S
585,1,2,Emma Rodriguez,female,23,3,5,Ticket585,46.79,C72,S
586,0,3,James Rodriguez,female,62,2,0,Ticket586,160.3,A73,C
587,0,3,James Johnson,female,45,3,5,Ticket587,156.86,E14,Q
588,1,3,Jane Miller,male,27,2,5,Ticket588,187.1,A100,Q
589,0,3,William Rodriguez,male,2,4,4,Ticket589,77.27,C21,Q
590,1,1,James Brown,male,68,2,0,Ticket590,133.85,B95,Q
591,1,1,John Rodriguez,male,32,4,3,Ticket591,126.2,B66,Q
592,0,3,Sophia Jones,female,56,4,0,Ticket592,162.63,A26,S
593,1,3,Jane Miller,male,34,1,2,Ticket593,83.85,B50,Q
594,1,1,Jane Rodriguez,male,1,5,5,Ticket594,190.22,B56,S
595,0,3,Jane Johnson,female,52,1,0,Ticket595,148.97,B87,S
596,0,2,Emily Johnson,female,15,3,3,Ticket596,196.27,C67,Q
597,1,1,Olivia Miller,male,38,5,1,Ticket597,95.19,D94,S
598,0,3,William Jones,female,28,1,5,Ticket598,25.39,B40,C
599,1,1,Emily Smith,male,75,0,5,Ticket599,88.66,A18,Q
600,0,2,James Garcia,male,74,0,5,Ticket600,177.0,E99,S
601,0,1,Jane Brown,female,7,3,4,Ticket601,45.88,A81,C
602,1,3,James Johnson,female,7,4,5,Ticket602,173.87,B56,Q
603,1,2,James Williams,male,79,3,4,Ticket603,78.58,A85,C
604,0,2,Emma Garcia,female,42,5,3,Ticket604,167.85,A25,Q
605,0,2,Sophia Brown,female,13,1,3,Ticket605,136.97,C91,C
606,0,1,Emily Smith,male,30,5,1,Ticket606,66.21,E83,Q
607,1,3,Michael Williams,female,10,2,5,Ticket607,85.24,E88,S
608,0,3,Alexander Rodriguez,male,25,0,1,Ticket608,163.72,C38,S
609,0,3,Emma Martinez,female,67,5,3,Ticket609,135.47,E79,Q
610,1,1,James Smith,male,32,3,4,Ticket610,67.97,C69,C
611,1,1,Alexander Rodriguez,male,64,0,3,Ticket611,47.76,B26,S
612,1,3,James Smith,male,52,1,1,Ticket612,97.76,B59,S
613,1,1,James Williams,female,41,2,5,Ticket613,132.9,E2,Q
614,0,1,Emma Johnson,male,43,1,4,Ticket614,170.92,D50,Q
615,0,1,Olivia Miller,female,20,4,0,Ticket615,30.44,E86,C
616,1,2,Alexander Johnson,female,63,2,5,Ticket616,53.81,E47,C
617,1,3,Michael Miller,male,55,5,5,Ticket617,160.53,E85,C
618,1,1,Jane Jones,male,13,0,1,Ticket618,26.43,D90,C
619,0,3,John Williams,male,17,4,5,Ticket619,133.37,E60,C
620,1,2,Michael Rodriguez,female,63,0,1,Ticket620,40.78,C1,S
621,1,3,Olivia Johnson,male,63,5,5,Ticket621,121.19,C49,Q
622,1,3,Olivia Rodriguez,male,65,3,0,Ticket622,95.45,C57,Q
623,1,3,Jane Brown,male,63,3,1,Ticket623,157.82,D62,Q
624,0,2,John Smith,male,8,4,4,Ticket624,188.81,C26,S
625,1,1,Michael Miller,female,55,3,3,Ticket625,11.16,E93,C
626,1,2,Sophia Johnson,female,10,4,4,Ticket626,32.46,D45,S
627,1,2,John Davis,male,40,5,4,Ticket627,20.36,E21,S
628,1,1,Michael Miller,male,52,4,1,Ticket628,155.14,A63,C
629,1,2,Michael Brown,female,49,3,1,Ticket629,177.81,B54,Q
630,0,2,Michael Davis,male,12,0,5,Ticket630,68.88,A59,S
631,0,1,William Smith,male,49,1,4,Ticket631,140.14,B79,S
632,1,3,Jane Johnson,female,32,5,1,Ticket632,40.71,B79,S
633,0,1,Emily Miller,male,73,3,5,Ticket633,81.57,C53,Q
634,0,3,Emily Garcia,male,33,2,0,Ticket634,46.13,D40,S
635,0,2,William Johnson,female,56,4,3,Ticket635,185.15,D89,Q
636,0,2,James Brown,male,39,4,2,Ticket636,70.09,D28,C
637,1,2,Michael Jones,male,72,4,2,Ticket637,74.81,B52,Q
638,0,3,Alexander Martinez,male,30,0,2,Ticket638,115.21,D33,S
639,0,1,John Rodriguez,male,52,3,4,Ticket639,114.33,D45,C
640,0,3,William Smith,male,7,0,2,Ticket640,33.5,E68,C
641,1,1,John Brown,male,44,1,1,Ticket641,60.32,B34,Q
642,0,2,Alexander Martinez,male,66,3,0,Ticket642,157.79,E13,Q
643,0,1,Jane Martinez,male,3,4,3,Ticket643,174.84,B99,S
644,0,1,Emily Smith,female,44,4,1,Ticket644,102.06,B18,Q
645,0,3,Alexander Jones,female,21,3,0,Ticket645,113.8,A78,Q
646,0,2,James Garcia,female,13,0,4,Ticket646,103.11,B68,S
647,0,1,Michael Miller,male,75,2,3,Ticket647,32.28,A68,S
648,1,2,James Smith,female,11,4,0,Ticket648,23.25,B61,S
649,1,2,Emily Brown,male,31,2,2,Ticket649,162.06,C30,S
650,1,2,James Jones,female,45,5,0,Ticket650,117.04,D82,C
651,0,3,Emily Miller,male,9,0,0,Ticket651,46.55,B60,S
652,1,3,William Smith,female,43,2,5,Ticket652,80.63,E21,S
653,1,2,Sophia Williams,male,24,5,4,Ticket653,174.45,C78,Q
654,0,1,James Jones,male,69,0,1,Ticket654,127.29,E2,C
655,0,3,Michael Williams,female,48,4,3,Ticket655,194.91,D16,Q
656,0,1,Alexander Brown,male,38,0,4,Ticket656,64.0,D84,S
657,0,2,Emma Jones,male,46,1,4,Ticket657,184.48,D29,Q
658,1,1,John Brown,male,21,4,0,Ticket658,122.09,E56,C
659,0,2,James Jones,female,17,4,2,Ticket659,171.19,D59,Q
660,0,1,Emma Williams,male,25,4,2,Ticket660,145.25,E19,Q
661,0,2,John Rodriguez,female,70,3,2,Ticket661,43.89,D17,Q
662,1,3,James Brown,female,51,3,2,Ticket662,88.56,A93,S
663,0,3,Emily Garcia,female,1,5,1,Ticket663,178.15,A15,C
664,1,1,Jane Jones,male,78,1,3,Ticket664,13.0,D82,S
665,0,2,John Garcia,female,65,5,5,Ticket665,179.92,E34,C
666,1,2,Sophia Jones,female,52,3,5,Ticket666,62.83,D2,C
667,1,3,Emily Johnson,female,30,0,4,Ticket667,147.58,B56,C
668,1,1,Alexander Williams,female,55,5,2,Ticket668,61.4,C79,S
669,0,3,Jane Miller,female,21,5,3,Ticket669,151.34,A47,Q
670,0,2,Emma Brown,male,31,5,2,Ticket670,164.28,D86,Q
671,0,1,Sophia Garcia,male,80,3,0,Ticket671,74.15,A5,C
672,1,3,Emma Jones,male,39,5,3,Ticket672,34.05,D63,C
673,0,3,Olivia Rodriguez,female,11,0,5,Ticket673,139.21,E16,Q
674,1,3,Emma Garcia,female,44,0,2,Ticket674,58.86,C90,Q
675,0,2,Michael Jones,male,62,3,1,Ticket675,122.36,C53,S
676,1,3,William Martinez,female,79,2,2,Ticket676,85.94,E51,Q
677,1,3,John Williams,female,60,0,2,Ticket677,52.1,E10,S
678,1,3,Emma Miller,female,70,5,1,Ticket678,20.24,C82,Q
679,0,2,Olivia Williams,female,73,2,4,Ticket679,80.0,E18,C
680,1,2,Sophia Brown,female,19,5,5,Ticket680,67.08,E16,C
681,1,1,John Williams,female,79,1,2,Ticket681,173.33,D85,Q
682,0,1,Michael Davis,male,62,3,0,Ticket682,174.51,B2,Q
683,0,1,Emily Jones,male,14,3,5,Ticket683,116.71,A23,Q
684,0,1,James Smith,female,43,4,5,Ticket684,92.41,C59,C
685,0,1,Sophia Martinez,male,21,1,4,Ticket685,23.29,B21,Q
686,0,3,Sophia Williams,male,23,4,5,Ticket686,27.68,B1,S
687,0,2,Olivia Williams,female,79,3,1,Ticket687,40.98,C21,S
688,0,2,Alexander Davis,male,42,2,3,Ticket688,135.55,A38,Q
689,1,3,Sophia Johnson,female,75,3,0,Ticket689,182.13,B80,C
690,0,3,Emily Johnson,female,21,1,5,Ticket690,147.68,C91,Q
691,1,3,James Williams,male,4,0,2,Ticket691,120.33,B5,Q
692,1,1,Michael Brown,male,14,2,3,Ticket692,79.75,C36,Q
693,0,3,Jane Williams,male,72,0,1,Ticket693,32.09,E4,C
694,0,1,Olivia Miller,male,36,3,5,Ticket694,96.49,C49,C
695,1,3,Emma Williams,female,53,3,0,Ticket695,164.92,D41,Q
696,0,1,Michael Martinez,female,3,1,1,Ticket696,135.47,A13,S
697,1,3,John Davis,female,58,2,4,Ticket697,180.23,D33,C
698,0,1,Emily Martinez,female,67,2,1,Ticket698,48.47,E13,C
699,1,3,William Garcia,female,23,5,0,Ticket699,83.93,B14,C
700,0,1,Jane Martinez,female,14,1,3,Ticket700,130.48,B57,S
701,0,3,Emma Jones,female,46,1,2,Ticket701,142.46,B7,C
702,0,1,Sophia Rodriguez,male,1,4,4,Ticket702,99.16,A90,C
703,0,2,William Smith,male,16,1,0,Ticket703,77.29,A3,S
704,1,1,William Martinez,female,24,1,2,Ticket704,132.79,A4,C
705,0,3,John Miller,male,41,0,1,Ticket705,88.12,B78,C
706,0,1,John Davis,male,13,1,5,Ticket706,111.79,B99,Q
707,0,3,Sophia Miller,female,46,4,4,Ticket707,19.98,D60,S
708,1,3,James Miller,female,13,0,1,Ticket708,110.57,A83,C
709,1,2,James Davis,male,74,3,4,Ticket709,119.48,E9,S
710,0,3,William Rodriguez,female,11,2,2,Ticket710,179.43,B28,S
711,1,1,Emma Davis,female,3,2,0,Ticket711,94.85,B19,C
712,1,3,Emily Martinez,male,29,3,1,Ticket712,70.79,C28,Q
713,0,1,Emily Rodriguez,male,22,3,0,Ticket713,127.94,B44,C
714,0,2,Sophia Jones,female,42,0,2,Ticket714,25.18,E18,C
715,0,1,John Smith,female,22,5,3,Ticket715,153.17,B84,C
716,0,1,Olivia Brown,male,31,3,0,Ticket716,172.91,B47,Q
717,1,1,Michael Rodriguez,female,58,3,2,Ticket717,58.69,B42,Q
718,0,1,Olivia Miller,female,8,1,4,Ticket718,65.12,B39,C
719,1,1,Michael Williams,male,73,4,2,Ticket719,75.21,E2,C
720,1,3,Emily Davis,female,78,5,0,Ticket720,197.75,D30,C
721,1,1,Jane Garcia,male,47,0,1,Ticket721,129.23,D39,C
722,0,1,Olivia Martinez,male,17,5,2,Ticket722,21.12,A56,Q
723,0,2,Michael Martinez,female,80,3,1,Ticket723,16.11,A66,Q
724,0,3,Jane Miller,female,56,5,0,Ticket724,144.19,C15,S
725,0,3,Jane Brown,female,74,5,1,Ticket725,169.58,E87,S
726,1,1,William Brown,male,35,0,2,Ticket726,172.97,B41,C
727,1,3,Emma Martinez,male,37,2,5,Ticket727,49.96,C33,C
728,0,2,William Brown,male,31,3,2,Ticket728,152.37,C23,Q
729,1,1,Emma Johnson,male,7,4,3,Ticket729,141.39,E50,S
730,0,2,Michael Martinez,male,58,1,1,Ticket730,47.83,A22,S
731,1,1,James Williams,male,17,5,0,Ticket731,86.3,B29,C
732,1,3,John Johnson,female,70,0,5,Ticket732,192.68,B50,Q
733,1,3,Emma Martinez,female,45,3,1,Ticket733,181.71,B74,C
734,0,1,Jane Johnson,female,58,3,1,Ticket734,86.95,C13,Q
735,1,3,William Brown,female,55,5,0,Ticket735,27.23,C56,Q
736,0,3,John Martinez,male,57,3,1,Ticket736,40.21,C31,Q
737,1,3,Alexander Jones,male,67,4,5,Ticket737,193.56,C37,C
738,1,3,Emily Jones,female,76,0,0,Ticket738,94.25,D89,C
739,0,1,Sophia Miller,male,31,1,4,Ticket739,155.29,E13,Q
740,1,3,Alexander Garcia,female,21,4,3,Ticket740,168.91,E87,Q
741,1,1,Michael Williams,female,51,0,0,Ticket741,131.07,C46,S
742,1,2,Alexander Garcia,female,43,4,5,Ticket742,114.7,E29,C
743,0,3,William Williams,female,60,4,1,Ticket743,101.48,E49,Q
744,1,3,Olivia Jones,male,39,5,3,Ticket744,197.0,C98,C
745,1,3,William Jones,male,56,0,2,Ticket745,65.89,A1,S
746,0,2,Olivia Miller,male,26,5,3,Ticket746,65.01,B69,S
747,0,3,William Johnson,male,50,2,3,Ticket747,197.46,E33,Q
748,0,1,William Garcia,male,50,1,0,Ticket748,25.67,E61,C
749,1,3,William Johnson,female,35,2,3,Ticket749,70.73,B42,S
750,1,1,Emily Martinez,female,55,2,2,Ticket750,160.67,D85,Q
751,1,3,William Johnson,male,5,3,3,Ticket751,81.79,B25,Q
752,1,1,Emma Rodriguez,female,43,5,1,Ticket752,179.09,C85,S
753,1,1,Michael Martinez,male,25,1,4,Ticket753,146.26,B53,S
754,1,2,Sophia Miller,male,13,1,4,Ticket754,30.37,E6,Q
755,0,3,Jane Smith,male,7,0,5,Ticket755,136.03,B23,Q
756,1,1,Jane Martinez,male,38,4,1,Ticket756,43.67,C81,Q
757,0,3,Alexander Garcia,male,36,3,2,Ticket757,10.94,E15,Q
758,0,2,Olivia Brown,female,38,2,2,Ticket758,191.24,A41,S
759,0,1,Emily Davis,female,56,2,0,Ticket759,193.64,C45,Q
760,1,1,William Brown,male,79,4,2,Ticket760,23.01,C98,C
761,1,2,Emily Garcia,male,7,0,3,Ticket761,145.12,D3,Q
762,1,1,Emma Miller,male,26,5,2,Ticket762,27.04,A100,Q
763,1,2,Emily Garcia,male,57,1,5,Ticket763,142.24,B43,C
764,0,3,John Brown,female,68,5,3,Ticket764,16.95,B16,S
765,0,1,Michael Miller,male,30,0,3,Ticket765,45.67,E19,Q
766,1,1,William Jones,male,50,1,2,Ticket766,126.97,C29,Q
767,0,1,Emily Jones,male,30,0,4,Ticket767,79.29,B52,S
768,1,1,Sophia Garcia,female,75,0,0,Ticket768,147.98,D83,C
769,1,1,William Martinez,female,79,4,5,Ticket769,118.78,B26,C
770,0,2,Emily Davis,male,19,2,2,Ticket770,180.35,B68,S
771,1,3,James Davis,female,65,0,4,Ticket771,182.51,E48,S
772,0,3,John Williams,male,77,5,5,Ticket772,62.72,E53,Q
773,0,1,Jane Smith,female,42,4,2,Ticket773,175.25,D51,S
774,1,1,Jane Rodriguez,female,21,1,4,Ticket774,88.95,C54,C
775,0,3,Michael Garcia,male,22,1,1,Ticket775,56.24,D12,C
776,0,1,William Rodriguez,male,4,1,1,Ticket776,121.28,B85,S
777,1,2,Alexander Brown,male,64,0,5,Ticket777,54.45,B39,Q
778,1,1,Jane Rodriguez,male,38,0,4,Ticket778,138.84,A63,Q
779,1,1,Michael Miller,female,20,3,0,Ticket779,107.13,A36,C
780,0,2,Sophia Jones,male,74,0,4,Ticket780,114.82,E88,Q
781,1,2,William Smith,male,40,3,2,Ticket781,77.56,E74,Q
782,0,1,Alexander Martinez,female,44,4,3,Ticket782,177.79,B34,Q
783,0,3,Olivia Smith,male,69,0,4,Ticket783,64.04,A28,C
784,0,1,Sophia Davis,male,62,1,3,Ticket784,85.91,B90,Q
785,1,2,Olivia Davis,male,53,5,4,Ticket785,187.89,E60,Q
786,0,2,William Miller,male,66,2,0,Ticket786,24.3,E86,Q
787,0,1,John Garcia,female,55,1,4,Ticket787,94.1,E22,S
788,1,3,Alexander Martinez,male,20,4,0,Ticket788,167.48,D81,C
789,1,2,Alexander Williams,male,53,2,5,Ticket789,122.64,C86,S
790,0,3,Emma Rodriguez,male,76,2,4,Ticket790,172.05,E49,C
791,0,3,William Johnson,male,39,1,2,Ticket791,120.58,D59,C
792,0,3,Michael Rodriguez,male,11,4,2,Ticket792,75.63,E79,S
793,0,2,James Rodriguez,male,73,2,1,Ticket793,159.04,E53,Q
794,1,3,Emma Brown,male,43,4,1,Ticket794,178.13,A32,S
795,0,1,Emily Garcia,male,19,5,5,Ticket795,34.44,D9,Q
796,1,1,William Miller,male,10,1,1,Ticket796,90.9,C20,Q
797,0,2,Sophia Jones,female,80,3,1,Ticket797,47.08,D91,C
798,1,3,Emma Martinez,female,43,2,0,Ticket798,56.13,D85,Q
799,1,3,Emma Brown,female,68,2,0,Ticket799,20.66,E17,S
800,1,1,James Rodriguez,female,51,0,5,Ticket800,106.6,B73,C
801,1,2,James Garcia,female,42,2,3,Ticket801,64.44,D35,C
802,1,3,Sophia Jones,male,50,5,1,Ticket802,194.74,B98,C
803,0,3,Michael Williams,male,17,1,2,Ticket803,186.76,C86,Q
804,0,3,William Davis,female,33,3,4,Ticket804,92.3,A18,S
805,1,3,Sophia Williams,female,19,4,2,Ticket805,149.9,C86,S
806,0,2,Sophia Brown,male,39,4,5,Ticket806,197.19,E22,S
807,1,2,Olivia Brown,male,75,2,0,Ticket807,24.73,D3,S
808,1,2,Emily Miller,male,44,1,5,Ticket808,37.7,C99,S
809,1,3,James Smith,female,14,1,5,Ticket809,198.22,E62,Q
810,1,1,James Johnson,female,26,1,4,Ticket810,50.64,A83,S
811,0,2,Olivia Williams,female,67,5,0,Ticket811,12.88,A8,C
812,0,1,John Williams,female,15,0,4,Ticket812,170.39,E63,Q
813,0,1,Michael Garcia,male,9,3,4,Ticket813,95.39,E95,C
814,1,2,William Williams,female,43,1,3,Ticket814,27.64,C75,S
815,1,2,Michael Garcia,male,64,4,4,Ticket815,46.68,B14,C
816,0,3,Emily Smith,male,8,1,0,Ticket816,40.93,A56,S
817,1,3,Olivia Johnson,female,24,0,0,Ticket817,44.84,C87,S
818,0,2,John Smith,female,29,3,0,Ticket818,119.05,E9,Q
819,0,2,Michael Miller,male,66,3,0,Ticket819,60.66,C100,Q
820,1,1,Sophia Johnson,female,44,0,1,Ticket820,99.69,D18,S
821,0,2,Jane Davis,female,40,5,1,Ticket821,172.66,B12,Q
822,0,1,John Martinez,female,11,4,2,Ticket822,193.15,C37,S
823,0,2,James Smith,male,42,5,3,Ticket823,150.17,B59,Q
824,0,2,Emma Johnson,male,22,2,2,Ticket824,133.34,E68,C
825,1,2,Olivia Miller,female,69,2,1,Ticket825,30.08,B20,C
826,1,1,James Johnson,male,26,1,5,Ticket826,19.73,A75,S
827,0,2,Alexander Martinez,female,79,5,1,Ticket827,49.96,B10,S
828,0,2,James Williams,male,54,3,2,Ticket828,111.14,A32,Q
829,1,1,Emma Rodriguez,female,50,0,5,Ticket829,58.46,E99,Q
830,1,1,Alexander Johnson,male,42,3,2,Ticket830,31.47,D68,C
831,0,1,James Williams,female,67,1,4,Ticket831,198.76,E8,Q
832,1,2,Michael Johnson,male,63,4,3,Ticket832,98.86,E35,C
833,1,3,John Johnson,male,6,0,4,Ticket833,156.33,B22,S
834,0,1,James Rodriguez,female,66,4,3,Ticket834,120.13,E66,Q
835,0,1,John Smith,male,42,4,3,Ticket835,187.38,B9,S
836,0,1,Jane Martinez,male,64,0,1,Ticket836,191.78,B12,S
837,0,3,Alexander Smith,female,25,1,0,Ticket837,105.01,E90,C
838,1,2,Emma Jones,female,55,4,0,Ticket838,199.97,D52,Q
839,0,2,John Brown,female,56,3,3,Ticket839,31.02,D20,C
840,0,1,Olivia Rodriguez,male,59,1,0,Ticket840,126.44,B15,Q
841,0,1,James Miller,female,62,0,1,Ticket841,152.77,B76,C
842,0,1,William Brown,male,78,0,2,Ticket842,139.25,D56,C
843,0,2,Jane Smith,male,59,3,3,Ticket843,76.47,D9,Q
844,1,1,Sophia Smith,female,23,0,2,Ticket844,35.27,D76,C
845,1,1,William Jones,male,20,5,3,Ticket845,74.45,C78,C
846,1,1,Alexander Miller,male,57,5,5,Ticket846,46.99,E25,C
847,1,2,Emma Jones,male,17,4,1,Ticket847,136.19,E89,S
848,0,2,John Miller,male,1,0,1,Ticket848,107.11,B4,Q
849,1,2,Emma Williams,female,71,2,5,Ticket849,15.83,C4,S
850,1,2,Olivia Rodriguez,male,7,1,5,Ticket850,22.47,D76,C
851,1,3,John Rodriguez,female,78,2,4,Ticket851,181.92,A4,C
852,1,2,Emily Williams,male,34,0,1,Ticket852,65.66,B3,Q
853,1,2,Olivia Garcia,male,34,5,2,Ticket853,12.95,D64,Q
854,1,3,Emma Williams,male,59,4,1,Ticket854,85.16,A78,S
855,0,2,Sophia Jones,male,5,3,1,Ticket855,181.12,E91,S
856,0,1,John Davis,male,77,0,2,Ticket856,91.78,E24,Q
857,0,1,Alexander Jones,male,56,4,4,Ticket857,20.48,E98,Q
858,0,3,William Rodriguez,male,35,2,3,Ticket858,181.55,E69,S
859,1,1,James Garcia,male,20,5,4,Ticket859,148.62,C3,S
860,0,1,Jane Garcia,male,27,4,1,Ticket860,186.29,C92,C
861,0,3,William Jones,female,46,2,5,Ticket861,148.43,E26,S
862,0,3,Alexander Garcia,male,36,3,5,Ticket862,147.13,A97,C
863,1,3,Emma Jones,female,16,1,1,Ticket863,103.74,E61,C
864,0,1,Jane Martinez,female,62,1,3,Ticket864,97.97,E13,S
865,1,1,Emma Williams,female,20,5,0,Ticket865,114.71,E99,Q
866,0,1,Sophia Garcia,female,76,4,2,Ticket866,157.17,B50,S
867,1,2,William Jones,male,29,5,4,Ticket867,13.7,E70,S
868,0,3,John Johnson,female,13,4,5,Ticket868,32.63,D60,Q
869,1,2,Emily Davis,male,75,2,1,Ticket869,89.59,D84,C
870,0,1,James Johnson,female,23,3,4,Ticket870,140.38,C47,S
871,1,3,Sophia Johnson,female,35,3,4,Ticket871,85.85,A93,Q
872,0,2,Emma Brown,male,28,4,3,Ticket872,175.83,D59,Q
873,1,3,Olivia Miller,female,19,1,1,Ticket873,65.92,D39,Q
874,0,1,Emma Jones,male,25,2,5,Ticket874,184.02,E31,S
875,1,1,Sophia Garcia,female,58,1,3,Ticket875,133.54,C16,Q
876,1,2,Jane Johnson,male,79,2,4,Ticket876,12.8,E31,C
877,1,3,John Martinez,male,61,0,5,Ticket877,138.34,C95,Q
878,1,1,John Brown,male,38,1,3,Ticket878,96.93,D35,C
879,1,2,Jane Brown,male,16,4,1,Ticket879,50.45,E69,S
880,0,3,Alexander Jones,male,76,0,3,Ticket880,167.37,B66,S
881,1,2,Alexander Johnson,male,7,3,5,Ticket881,92.67,C56,C
882,0,1,Alexander Jones,female,14,4,3,Ticket882,101.13,D13,Q
883,1,2,James Jones,female,24,0,4,Ticket883,133.53,D81,C
884,0,1,Michael Jones,male,66,1,2,Ticket884,158.27,B92,C
885,0,3,Emily Rodriguez,male,15,3,0,Ticket885,130.84,B64,Q
886,1,2,Alexander Jones,female,62,5,2,Ticket886,183.18,C77,Q
887,0,3,William Garcia,female,74,1,5,Ticket887,36.72,D89,Q
888,1,3,Michael Martinez,female,25,5,1,Ticket888,111.8,B21,C
889,1,3,John Miller,male,12,2,0,Ticket889,157.76,A63,C
890,1,3,Emma Brown,male,4,1,3,Ticket890,75.76,C55,S
891,0,3,James Martinez,male,43,3,4,Ticket891,159.03,A84,C
892,0,3,Alexander Garcia,female,65,2,0,Ticket892,26.12,E62,S
893,0,3,Emily Rodriguez,male,16,4,0,Ticket893,96.33,E15,Q
894,0,1,Olivia Williams,female,20,3,2,Ticket894,161.55,B72,S
895,1,2,Emily Garcia,male,2,2,1,Ticket895,187.53,D14,S
896,0,2,John Davis,female,74,5,5,Ticket896,181.89,A54,Q
897,0,3,Emily Brown,male,44,3,4,Ticket897,175.05,A5,Q
898,0,3,James Davis,female,70,3,0,Ticket898,180.99,E64,S
899,1,3,Emma Rodriguez,female,73,2,5,Ticket899,41.14,B26,C
900,1,3,Michael Williams,female,36,3,1,Ticket900,143.43,E71,C
901,1,2,Emma Miller,female,65,0,2,Ticket901,131.13,B49,Q
902,1,2,Alexander Jones,male,38,5,1,Ticket902,145.01,E17,S
903,0,2,John Garcia,male,24,1,0,Ticket903,130.11,A71,Q
904,1,2,Sophia Miller,female,14,1,4,Ticket904,63.97,D83,Q
905,1,3,Jane Brown,male,40,1,1,Ticket905,141.69,E94,C
906,1,3,Michael Smith,female,43,5,0,Ticket906,46.01,E63,Q
907,0,1,Olivia Williams,male,31,0,4,Ticket907,12.67,B38,C
908,0,1,Emma Martinez,female,13,1,2,Ticket908,147.54,D39,C
909,0,3,William Miller,female,79,4,3,Ticket909,65.42,D64,S
910,0,3,Olivia Rodriguez,male,34,3,5,Ticket910,142.85,C6,S
911,1,2,Alexander Williams,male,59,0,4,Ticket911,68.86,C18,S
912,0,1,Alexander Williams,female,28,1,2,Ticket912,88.84,B25,Q
913,0,2,James Miller,female,75,2,0,Ticket913,155.09,A18,S
914,1,1,Jane Martinez,female,30,2,5,Ticket914,77.73,D63,C
915,1,1,John Miller,female,73,2,0,Ticket915,89.68,A1,C
916,1,3,William Martinez,male,52,2,0,Ticket916,161.14,A61,Q
917,1,1,John Rodriguez,female,68,1,0,Ticket917,175.7,C73,C
918,0,2,Emily Smith,male,8,1,0,Ticket918,164.95,A17,Q
919,1,3,Sophia Rodriguez,female,55,1,2,Ticket919,172.51,D45,C
920,1,2,John Williams,female,60,1,3,Ticket920,149.1,A35,Q
921,1,1,William Miller,female,53,2,5,Ticket921,20.81,A32,Q
922,0,1,Jane Brown,male,32,0,3,Ticket922,43.57,C6,S
923,1,3,John Davis,female,72,3,1,Ticket923,189.31,C65,S
924,1,1,Emma Williams,male,58,5,5,Ticket924,142.42,A38,C
925,1,2,William Rodriguez,female,51,0,1,Ticket925,79.78,B14,S
926,1,3,James Rodriguez,female,67,0,3,Ticket926,134.31,D67,S
927,1,1,Jane Johnson,female,25,1,5,Ticket927,164.59,B72,S
928,1,1,Sophia Miller,female,75,5,2,Ticket928,51.97,C60,S
929,1,2,Olivia Smith,male,20,4,0,Ticket929,166.3,E97,C
930,1,2,Michael Williams,female,21,3,0,Ticket930,24.9,E63,S
931,0,3,Olivia Smith,male,71,3,0,Ticket931,36.0,C56,Q
932,1,3,Sophia Martinez,male,68,5,0,Ticket932,111.6,D21,S
933,1,3,Emma Miller,male,47,4,3,Ticket933,50.09,B58,S
934,1,2,Michael Rodriguez,female,1,5,4,Ticket934,164.94,B78,S
935,0,1,William Miller,female,34,5,5,Ticket935,58.25,B20,C
936,1,3,Sophia Miller,female,40,2,4,Ticket936,83.91,A94,C
937,0,1,Michael Rodriguez,male,57,2,5,Ticket937,132.93,E29,Q
938,1,3,James Johnson,female,66,1,5,Ticket938,68.93,E94,S
939,1,3,Emily Smith,female,3,0,5,Ticket939,182.72,D21,S
940,0,1,Alexander Johnson,female,3,2,3,Ticket940,169.82,C13,Q
941,1,1,William Brown,male,23,3,0,Ticket941,196.85,C61,S
942,1,1,Jane Garcia,female,80,4,2,Ticket942,178.07,E52,Q
943,1,1,Sophia Garcia,female,76,5,5,Ticket943,124.5,B30,S
944,1,3,Emma Jones,male,43,0,3,Ticket944,14.36,A9,Q
945,1,3,Jane Garcia,male,9,1,5,Ticket945,152.11,E19,S
946,1,3,James Jones,female,26,1,3,Ticket946,68.07,C89,C
947,0,1,Olivia Rodriguez,male,36,1,4,Ticket947,116.6,A89,Q
948,1,3,Emma Martinez,male,6,0,1,Ticket948,15.99,A21,C
949,1,2,Michael Smith,female,75,5,0,Ticket949,17.17,B54,S
950,0,2,William Rodriguez,male,42,3,1,Ticket950,147.49,A61,S
951,0,2,Jane Brown,female,19,0,1,Ticket951,177.07,E71,Q
952,1,2,Emily Jones,male,64,1,4,Ticket952,139.47,A82,C
953,1,2,Emily Brown,female,71,5,4,Ticket953,97.82,B21,Q
954,0,1,William Williams,female,53,1,2,Ticket954,40.17,C100,Q
955,0,2,Michael Davis,male,65,2,3,Ticket955,48.88,C70,Q
956,0,1,William Brown,male,51,2,4,Ticket956,86.27,D8,C
957,1,3,Emma Brown,female,21,2,0,Ticket957,46.67,A40,S
958,0,3,Emily Brown,male,39,5,1,Ticket958,123.49,C100,C
959,1,2,Alexander Williams,female,67,0,5,Ticket959,16.13,E94,C
960,1,1,Sophia Smith,male,36,1,2,Ticket960,116.47,B84,S
961,1,2,Olivia Johnson,female,73,1,0,Ticket961,16.37,A25,S
962,0,3,Alexander Martinez,male,46,2,4,Ticket962,40.12,B16,S
963,0,1,Jane Davis,female,61,1,3,Ticket963,84.25,B7,S
964,1,3,Sophia Johnson,female,57,3,3,Ticket964,99.69,B3,S
965,0,2,Jane Miller,male,14,1,2,Ticket965,183.85,E70,S
966,1,2,Olivia Miller,male,46,3,0,Ticket966,41.26,E69,C
967,1,2,William Brown,female,19,2,5,Ticket967,81.31,D3,Q
968,0,1,Sophia Miller,female,30,4,1,Ticket968,81.47,A54,S
969,0,1,Emma Rodriguez,male,57,1,0,Ticket969,76.05,A53,C
970,1,3,Jane Smith,male,21,1,1,Ticket970,59.4,D41,C
971,0,1,Emily Jones,female,45,0,4,Ticket971,136.14,B33,Q
972,1,1,Emma Brown,male,77,4,4,Ticket972,66.22,C46,C
973,1,1,Jane Davis,female,9,2,4,Ticket973,156.16,B91,S
974,1,2,Emily Garcia,female,77,0,5,Ticket974,119.71,B53,Q
975,0,3,James Miller,female,39,0,4,Ticket975,187.14,E52,Q
976,0,3,William Davis,male,63,3,4,Ticket976,147.14,E58,S
977,0,3,Alexander Jones,male,5,1,4,Ticket977,37.83,A80,C
978,1,2,Alexander Johnson,female,8,4,5,Ticket978,101.92,C26,Q
979,0,1,Emily Martinez,male,8,0,5,Ticket979,186.53,E64,S
980,1,3,Michael Smith,female,52,2,3,Ticket980,171.43,C97,Q
981,0,1,Emily Miller,female,22,1,1,Ticket981,93.07,A14,S
982,1,2,Michael Johnson,male,31,2,4,Ticket982,59.06,C38,C
983,1,3,William Smith,male,69,4,3,Ticket983,95.21,A22,Q
984,0,2,James Williams,male,51,4,3,Ticket984,95.58,E58,S
985,1,1,Sophia Rodriguez,female,63,5,3,Ticket985,57.85,D84,C
986,1,2,William Brown,female,70,4,2,Ticket986,48.74,C8,C
987,0,2,William Davis,male,4,1,4,Ticket987,21.74,D20,C
988,0,2,James Garcia,male,63,3,4,Ticket988,37.23,D56,Q
989,0,1,Emily Jones,female,30,2,4,Ticket989,169.37,A85,C
990,0,2,Emma Johnson,male,65,3,2,Ticket990,27.06,D94,S
991,1,2,Emily Garcia,male,5,5,0,Ticket991,21.92,D19,Q
992,1,1,Olivia Smith,male,33,2,0,Ticket992,62.99,E89,S
993,1,2,Alexander Johnson,female,68,1,2,Ticket993,191.12,D59,Q
994,1,1,Emily Smith,female,24,5,3,Ticket994,191.87,B82,C
995,1,2,Emma Jones,female,57,0,1,Ticket995,101.3,B22,C
996,1,1,Jane Martinez,female,67,0,1,Ticket996,92.99,B28,S
997,0,2,Michael Jones,female,11,1,4,Ticket997,118.61,E5,S
998,1,1,Alexander Martinez,female,58,5,2,Ticket998,145.38,E30,C
999,1,3,Emma Jones,male,33,5,1,Ticket999,70.81,C64,C
1000,1,3,Emily Williams,female,72,4,3,Ticket1000,196.25,C74,C
